HOMBRE,CASADO,FAMILIAR,33,1892502,810932,0,120,64900000,249,E
MUJER,SOLTERO,FAMILIAR,47,4966896,4000000,0,72,41220000,481,D
HOMBRE,CASADO,PROPIA,33,16213150,2000000,0,72,198900000,24,A
MUJER,SOLTERO,FAMILIAR,43,1342547,12908,0,122,44300000,555,E
HOMBRE,UNION LIBRE ,FAMILIAR,54,3106656,18717162,0,61,308081700,53,D
HOMBRE,SOLTERO,FAMILIAR,31,200000000,2000000,1,60,121120000,22,A
HOMBRE,CASADO,PROPIA,46,7640000,4500000,0,48,35300000,480,E
HOMBRE,UNION LIBRE ,FAMILIAR,37,2266188,1163135,0,140,73100000,433,E
HOMBRE,SOLTERO,PROPIA,47,4247963,2053349,1,140,200000000,36,A
HOMBRE,CASADO,#¡VALOR!,63,761428,201322,0,60,23965000,204,E
HOMBRE,CASADO,PROPIA,72,3539425,1969776,0,60,12147000,449,E
HOMBRE,SOLTERO,FAMILIAR,31,3612451,1826890,0,117,101200000,341,E
HOMBRE,UNION LIBRE ,PROPIA,36,2154152,1123224,0,140,48500000,524,E
HOMBRE,CASADO,PROPIA,75,828116,442752,0,60,21624000,541,E
MUJER,UNION LIBRE ,PROPIA,46,2420269,1019158,0,60,20000000,934,E
HOMBRE,SOLTERO,FAMILIAR,41,2200730,1134361,0,140,81600000,67,C
MUJER,SOLTERO,#¡VALOR!,79,633212,301384,0,60,27069000,480,E
MUJER,SEPARADO,PROPIA,46,0,46290250,0,60,95538276,22,A
MUJER,SEPARADO,PROPIA,46,0,46290250,0,60,34466321,22,A
HOMBRE,SEPARADO,FAMILIAR,43,3195801,1672119,0,140,122000000,97,C
HOMBRE,CASADO,FAMILIAR,40,1744802,725947,0,60,20872000,600,E
HOMBRE,SOLTERO,PROPIA,50,2696372,2000000,0,60,20000000,83,C
HOMBRE,SOLTERO,FAMILIAR,29,1892501,912307,0,120,67500000,433,E
HOMBRE,UNION LIBRE ,FAMILIAR,33,2105562,1060788,0,60,14000000,97,C
HOMBRE,SOLTERO,FAMILIAR,35,2029106,919753,0,121,60000000,402,E
MUJER,SOLTERO,ARRENDADA,37,2500000,300000,0,72,69014709,175,D
HOMBRE,UNION LIBRE ,FAMILIAR,35,795900,63672,2,60,14960000,661,E
HOMBRE,CASADO,PROPIA,40,2314778,1288776,0,140,95100000,555,E
HOMBRE,CASADO,FAMILIAR,37,828116,435467,0,60,23559000,845,E
HOMBRE,SOLTERO,FAMILIAR,28,40000000,500000,0,36,30000000,21,E
HOMBRE,SOLTERO,FAMILIAR,30,1977665,1030381,0,120,51700000,524,E
HOMBRE,CASADO,FAMILIAR,41,2330640,410721,0,72,18000000,433,E
HOMBRE,CASADO,FAMILIAR,41,3221118,935777,0,140,92000000,36,A
HOMBRE,CASADO,PROPIA,49,20000000,2000000,0,82,113756888,51,D
HOMBRE,SOLTERO,ARRENDADA,52,4500000,1000000,0,36,3983207,843,E
HOMBRE,CASADO,FAMILIAR,35,2472691,1035082,0,60,26841000,904,E
MUJER,VIUDO,FAMILIAR,64,1931724,124015,0,60,18413000,843,E
HOMBRE,CASADO,FAMILIAR,77,3427770,1825537,0,60,38000000,508,E
HOMBRE,SOLTERO,FAMILIAR,61,5084000,4286076,0,72,30706026,233,E
HOMBRE,SOLTERO,FAMILIAR,69,1856124,852208,0,60,47302000,751,E
MUJER,UNION LIBRE ,FAMILIAR,51,1872664,1133825,0,60,48204000,629,E
HOMBRE,CASADO,PROPIA,32,1892501,1013134,0,140,44700000,767,E
HOMBRE,SOLTERO,FAMILIAR,32,2089700,1115926,0,140,65400000,5,B
HOMBRE,SOLTERO,#¡VALOR!,40,644350,77322,0,126,45800000,189,D
HOMBRE,SOLTERO,FAMILIAR,34,1549619,748009,0,140,65300000,767,E
HOMBRE,SOLTERO,FAMILIAR,41,2250326,1176372,0,140,76800000,36,A
MUJER,CASADO,#¡VALOR!,36,1500000,500000,0,60,31773000,595,E
MUJER,SOLTERO,#¡VALOR!,77,1741627,860761,0,60,5000000,139,D
MUJER,SOLTERO,#¡VALOR!,77,1741627,860761,0,72,24585079,139,D
HOMBRE,UNION LIBRE ,FAMILIAR,42,1653099,735949,0,136,26900000,128,D
HOMBRE,SOLTERO,FAMILIAR,40,1500000,300000,0,114,53000000,36,E
HOMBRE,UNION LIBRE ,FAMILIAR,33,13000000,500000,0,72,36000000,46,B
HOMBRE,CASADO,FAMILIAR,44,2216591,1135827,0,60,15000000,594,E
HOMBRE,SOLTERO,FAMILIAR,40,2265181,1091901,0,61,6000000,16,A
MUJER,SOLTERO,PROPIA,47,2052000,188591,0,72,49196000,198,E
HOMBRE,UNION LIBRE ,FAMILIAR,56,2298910,659986,0,60,15000000,504,E
HOMBRE,CASADO,PROPIA,44,14000000,2000000,0,72,60000000,76,C
HOMBRE,UNION LIBRE ,FAMILIAR,76,828116,397748,0,61,26900000,77,D
HOMBRE,UNION LIBRE ,PROPIA,36,1,2000003,0,60,21343000,216,E
HOMBRE,UNION LIBRE ,PROPIA,36,1,2000003,0,72,17076293,216,E
MUJER,SOLTERO,FAMILIAR,39,1346441,7059,0,123,30500000,97,C
HOMBRE,CASADO,PROPIA,39,2233459,1169033,0,140,51200000,310,E
MUJER,SOLTERO,FAMILIAR,33,2121423,1080912,0,130,60000000,494,E
HOMBRE,SOLTERO,PROPIA,48,830000,412237,0,96,21000000,5,A
HOMBRE,RELIGIOSO,FAMILIAR,30,4000000,800000,0,73,47650000,412,E
HOMBRE,SOLTERO,PROPIA,40,4252000,800000,0,60,35587000,412,E
HOMBRE,SOLTERO,FAMILIAR,32,2552610,500000,0,72,19530000,561,E
HOMBRE,SOLTERO,PROPIA,41,3593474,1960502,0,60,4706000,197,E
HOMBRE,SOLTERO,FAMILIAR,35,2218604,1150416,0,60,19599000,107,D
HOMBRE,CASADO,FAMILIAR,72,1527586,829992,0,60,25000000,715,E
HOMBRE,CASADO,PROPIA,54,1581249,747658,0,60,16500000,927,E
HOMBRE,SOLTERO,FAMILIAR,31,2056972,1053309,0,130,62200000,767,E
HOMBRE,SOLTERO,PROPIA,40,2233459,1157215,0,140,84000000,36,A
MUJER,SOLTERO,FAMILIAR,46,1577865,877477,0,157,57000000,249,E
HOMBRE,CASADO,FAMILIAR,29,1977665,1124490,0,140,66500000,494,E
HOMBRE,CASADO,PROPIA,38,2623002,1572761,0,120,75500000,555,E
MUJER,SOLTERO,PROPIA,63,1608238,718244,0,140,35000000,310,E
HOMBRE,CASADO,PROPIA,42,0,93343978,0,60,500000000,14,A
HOMBRE,CASADO,PROPIA,43,35000000,5000000,0,60,40000000,349,E
HOMBRE,CASADO,PROPIA,64,2915274,1572336,0,61,150000000,441,E
HOMBRE,CASADO,#¡VALOR!,64,1254386,662678,0,60,15876000,533,E
HOMBRE,SOLTERO,PROPIA,38,2954198,1712116,0,60,13112000,837,E
HOMBRE,SOLTERO,PROPIA,38,2954198,1712116,0,72,84025530,837,E
HOMBRE,CASADO,PROPIA,53,2385196,741762,0,60,26200000,441,E
MUJER,SEPARADO,PROPIA,69,2351496,494955,0,60,14090000,45,D
HOMBRE,SOLTERO,ARRENDADA,35,2056971,976091,0,140,44300000,614,E
HOMBRE,CASADO,PROPIA,43,3228530,1446677,0,143,95000000,341,E
HOMBRE,CASADO,PROPIA,58,1021200,458342,0,60,10000000,44,C
HOMBRE,CASADO,FAMILIAR,44,2206226,937495,0,61,17000000,348,E
HOMBRE,CASADO,PROPIA,42,1510274,493411,0,72,39851371,5,A
HOMBRE,SOLTERO,FAMILIAR,37,1968393,750995,0,60,20432000,622,E
HOMBRE,SOLTERO,FAMILIAR,28,1892501,358007,0,140,54500000,158,D
MUJER,SOLTERO,FAMILIAR,42,946903,708753,0,120,20000000,67,B
HOMBRE,SOLTERO,FAMILIAR,52,1864255,931655,0,121,60500000,5,A
HOMBRE,SOLTERO,FAMILIAR,34,2105562,1300809,0,60,33549000,591,E
HOMBRE,SOLTERO,FAMILIAR,32,1892501,662967,0,140,55300000,583,E
MUJER,SOLTERO,PROPIA,52,4654101,500000,0,72,34293000,376,D
HOMBRE,UNION LIBRE ,PROPIA,58,3641927,1654242,0,140,130000000,5,A
HOMBRE,CASADO,FAMILIAR,32,1495640,802649,0,120,51000000,249,E
HOMBRE,SOLTERO,FAMILIAR,31,2241483,1082328,0,120,53000000,463,E
HOMBRE,CASADO,FAMILIAR,40,3221118,1716127,0,140,123000000,36,A
HOMBRE,SOLTERO,FAMILIAR,45,666651,69794,2,48,5000000,102,D
HOMBRE,UNION LIBRE ,#¡VALOR!,52,4316000,2300000,3,60,22966000,10,A
HOMBRE,UNION LIBRE ,#¡VALOR!,52,4316000,2300000,3,72,56466962,10,A
HOMBRE,CASADO,FAMILIAR,52,7983802,3971348,1,60,45417000,345,E
MUJER,CASADO,PROPIA,45,2790687,1134372,0,60,16600000,10,A
HOMBRE,CASADO,PROPIA,58,600000000,2000000,0,73,167130000,102,D
HOMBRE,CASADO,PROPIA,75,1501336,164994,0,60,9673000,741,E
HOMBRE,CASADO,PROPIA,75,1501336,164994,0,72,81614996,894,E
HOMBRE,SOLTERO,PROPIA,60,1672497,886486,0,120,40943844,5,A
HOMBRE,UNION LIBRE ,FAMILIAR,51,2498046,303534,0,122,118000000,280,E
HOMBRE,SOLTERO,ARRENDADA,37,2153146,1123344,0,140,78300000,97,D
HOMBRE,SEPARADO,FAMILIAR,37,2106922,1041488,0,140,58000000,371,E
MUJER,SEPARADO,#¡VALOR!,56,4300000,2000000,1,60,56269000,10,A
HOMBRE,SOLTERO,PROPIA,53,6000000,0,0,72,35000000,10,A
MUJER,SOLTERO,FAMILIAR,48,13000000,6575733,0,120,91084838,9,E
HOMBRE,SEPARADO,FAMILIAR,51,1,6078043,2,120,85672690,101,D
MUJER,UNION LIBRE ,PROPIA,42,30000000,2000000,1,60,14695000,407,D
MUJER,UNION LIBRE ,PROPIA,42,30000000,2000000,1,72,32935755,376,E
HOMBRE,CASADO,PROPIA,41,2329633,1215406,0,60,31700000,407,E
HOMBRE,SOLTERO,FAMILIAR,40,3531006,527589,0,60,36000000,619,E
MUJER,SOLTERO,PROPIA,75,932721,485800,0,60,7000000,132,E
MUJER,CASADO,PROPIA,54,0,11486096,0,60,88500000,11,B
HOMBRE,SOLTERO,#N/A,41,877625,1877625,0,60,14088000,375,E
HOMBRE,CASADO,FAMILIAR,33,2089700,1119670,0,145,58700000,767,E
HOMBRE,CASADO,FAMILIAR,43,2600000,600000,0,72,60792000,405,E
HOMBRE,CASADO,PROPIA,46,5600000,1000000,0,72,40000000,39,A
HOMBRE,CASADO,ARRENDADA,49,820857,59017,0,60,10000000,5,A
HOMBRE,CASADO,FAMILIAR,31,2089700,1058535,0,120,65000000,128,D
HOMBRE,UNION LIBRE ,FAMILIAR,41,1702156,729981,0,60,25000000,801,E
MUJER,SOLTERO,PROPIA,33,2110437,600000,0,121,47175195,404,E
MUJER,RELIGIOSO,FAMILIAR,30,1650000,2000000,0,72,66951000,220,E
HOMBRE,SOLTERO,FAMILIAR,29,1,59523291,0,60,169112340,8,A
MUJER,RELIGIOSO,FAMILIAR,49,3730243,500000,0,84,33120000,99,D
HOMBRE,SOLTERO,FAMILIAR,29,1892501,947243,0,120,61900000,767,E
HOMBRE,SOLTERO,FAMILIAR,34,2072833,929129,0,128,41200000,280,E
HOMBRE,SOLTERO,FAMILIAR,34,2184611,824183,0,140,95000000,433,E
HOMBRE,SOLTERO,FAMILIAR,42,2400000,300000,0,60,30500000,770,E
HOMBRE,SOLTERO,PROPIA,42,30000000,1000000,0,42,64100000,7,A
HOMBRE,SOLTERO,FAMILIAR,33,2088694,1023760,0,140,72000000,189,D
MUJER,SOLTERO,PROPIA,35,0,2000000,0,72,23000000,6,A
HOMBRE,SOLTERO,FAMILIAR,28,1892502,737216,0,126,47000000,767,E
HOMBRE,SOLTERO,PROPIA,28,963900,173551,0,72,25613000,704,E
HOMBRE,CASADO,PROPIA,56,1670000,488689,0,61,10122958,787,E
HOMBRE,UNION LIBRE ,PROPIA,44,0,2000000,0,72,200000000,33,A
MUJER,CASADO,ARRENDADA,48,1258400,646540,0,78,23235524,796,E
HOMBRE,SOLTERO,PROPIA,34,2548673,1238993,0,116,58000000,767,E
HOMBRE,UNION LIBRE ,PROPIA,35,1983572,927395,0,60,16562000,461,E
MUJER,SOLTERO,FAMILIAR,27,1892502,1142752,0,140,40300000,36,A
HOMBRE,SOLTERO,FAMILIAR,31,2056972,886442,0,120,59000000,158,D
HOMBRE,CASADO,FAMILIAR,33,2105562,1104304,0,140,53300000,280,D
MUJER,SOLTERO,ARRENDADA,28,1893378,596674,0,120,20300000,189,D
HOMBRE,CASADO,PROPIA,56,2386500,408906,0,72,27500000,5,A
HOMBRE,CASADO,ARRENDADA,62,1087789,606694,0,140,29000000,5,A
HOMBRE,SOLTERO,FAMILIAR,32,2357235,1602390,0,96,10668152,702,E
HOMBRE,UNION LIBRE ,FAMILIAR,40,4603264,100000,0,60,59989574,154,D
HOMBRE,CASADO,FAMILIAR,38,1890000,151200,0,60,30000000,794,E
HOMBRE,SOLTERO,PROPIA,39,2232453,1090098,0,140,93000000,5,A
HOMBRE,CASADO,FAMILIAR,33,1742412,781589,0,84,38000000,494,E
MUJER,SOLTERO,FAMILIAR,29,2778584,1282598,0,140,109500000,433,E
HOMBRE,UNION LIBRE ,FAMILIAR,41,2297910,626790,0,120,49000000,494,E
HOMBRE,UNION LIBRE ,FAMILIAR,40,2315784,1226224,0,140,82400000,524,E
HOMBRE,SOLTERO,PROPIA,42,3426212,1382463,0,140,71200000,218,E
HOMBRE,VIUDO,FAMILIAR,80,1205897,592981,0,36,11000000,5,A
HOMBRE,SOLTERO,FAMILIAR,36,1977665,1238790,0,140,55500000,341,E
HOMBRE,SOLTERO,FAMILIAR,29,1977665,1105882,0,140,64000000,583,E
MUJER,CASADO,PROPIA,42,5549286,1090286,0,72,44030000,397,D
MUJER,SOLTERO,FAMILIAR,46,1770555,824976,0,108,42000000,5,A
HOMBRE,SEPARADO,FAMILIAR,33,2056972,1067082,0,140,50000000,463,E
HOMBRE,UNION LIBRE ,PROPIA,44,2265181,448897,0,60,16500000,5,A
HOMBRE,SOLTERO,FAMILIAR,34,1545594,770350,0,120,42800000,767,E
MUJER,CASADO,FAMILIAR,44,6800000,700000,0,74,34454702,544,E
HOMBRE,SOLTERO,FAMILIAR,43,1033000,132640,0,75,6170619,909,EE
HOMBRE,SOLTERO,FAMILIAR,33,2124025,1133095,0,140,53700000,310,D
HOMBRE,CASADO,FAMILIAR,40,2200730,1181954,0,140,70500000,310,E
HOMBRE,UNION LIBRE ,FAMILIAR,36,2427156,981026,0,140,74200000,675,E
HOMBRE,CASADO,PROPIA,41,2184740,1303939,0,140,85600000,736,E
HOMBRE,SOLTERO,FAMILIAR,37,2076567,1318950,0,140,82000000,583,E
MUJER,CASADO,PROPIA,34,6500000,3095177,0,76,70502000,45,B
MUJER,SOLTERO,PROPIA,58,1754691,999001,0,140,80000000,5,A
HOMBRE,SOLTERO,FAMILIAR,44,2595685,1329134,0,120,68600000,5,A
MUJER,CASADO,FAMILIAR,37,2346951,912059,0,72,44000000,5,A
MUJER,SOLTERO,ARRENDADA,30,1200000,360153,0,60,32000000,5,A
HOMBRE,CASADO,FAMILIAR,40,4206392,2092416,0,221,167000000,36,A
HOMBRE,SOLTERO,FAMILIAR,31,1977665,1072649,0,140,59000000,402,E
HOMBRE,UNION LIBRE ,FAMILIAR,36,2013929,1211842,0,140,59300000,218,E
HOMBRE,UNION LIBRE ,FAMILIAR,35,1322550,656478,0,96,41000000,583,E
HOMBRE,SOLTERO,FAMILIAR,41,2250326,1255047,0,139,84000000,310,E
HOMBRE,SOLTERO,FAMILIAR,31,2122430,1029095,0,120,55000000,402,E
HOMBRE,CASADO,PROPIA,42,2105961,1208017,0,140,72000000,36,A
HOMBRE,SOLTERO,FAMILIAR,34,2056971,598635,0,120,33800000,36,A
HOMBRE,UNION LIBRE ,PROPIA,60,3641927,1970605,0,140,87000000,189,E
MUJER,CASADO,PROPIA,79,2335958,1307845,0,157,67256123,67,C
HOMBRE,CASADO,FAMILIAR,58,4000145,2056285,0,158,106276579,402,E
MUJER,UNION LIBRE ,FAMILIAR,52,1,1,0,57,13211106,80,D
HOMBRE,SOLTERO,PROPIA,59,0,25606583,0,110,92025249,111,E
HOMBRE,SOLTERO,FAMILIAR,45,3400000,900000,0,72,45850000,262,D
MUJER,UNION LIBRE ,FAMILIAR,50,123000,4,0,35,11041206,47,B
HOMBRE,SOLTERO,PROPIA,62,4148793,1995582,0,140,157000000,5,A
HOMBRE,SOLTERO,ARRENDADA,40,1800000,207040,1,72,27000000,341,E
HOMBRE,CASADO,PROPIA,57,6250000,0,0,72,64000000,261,D
MUJER,UNION LIBRE ,PROPIA,39,900000,300000,1,77,18375278,16,A
MUJER,CASADO,FAMILIAR,59,237982281,3000000,0,72,90324691,321,E
HOMBRE,CASADO,PROPIA,62,0,21020533,0,60,50000000,2,A
HOMBRE,SOLTERO,PROPIA,41,2248314,1132527,0,140,73900000,828,EE
MUJER,SOLTERO,FAMILIAR,31,1000000,94200,0,96,38000000,5,A
HOMBRE,CASADO,PROPIA,42,2281043,1181888,0,140,83000000,97,C
MUJER,SOLTERO,FAMILIAR,41,2282049,1272542,0,140,56400000,371,E
MUJER,SOLTERO,PROPIA,48,1500000,1700000,1,48,8443603,74,D
MUJER,CASADO,FAMILIAR,31,7535000,4747028,1,75,11322040,591,E
HOMBRE,CASADO,FAMILIAR,50,989540,177580,0,60,25000000,226,E
HOMBRE,SOLTERO,FAMILIAR,57,2184237,908913,0,48,62300000,5,A
HOMBRE,SOLTERO,FAMILIAR,33,2306506,1184807,0,140,62000000,251,E
MUJER,CASADO,ARRENDADA,36,2100000,806372,0,85,22130991,591,E
HOMBRE,CASADO,PROPIA,43,0,32300000,0,72,339300000,60,B
MUJER,SEPARADO,FAMILIAR,51,2529040,1685100,0,150,25496749,128,D
MUJER,UNION LIBRE ,PROPIA,31,2420813,1335063,0,169,69198774,280,E
HOMBRE,UNION LIBRE ,PROPIA,34,0,17642975,0,72,102159934,652,E
HOMBRE,CASADO,FAMILIAR,40,1686448,707137,0,160,14614276,471,E
MUJER,SOLTERO,PROPIA,41,3160000,892674,0,59,21358217,13,E
HOMBRE,#N/A,PROPIA,41,2540840,224329,0,172,106000000,218,E
HOMBRE,CASADO,ARRENDADA,54,800000,0,4,96,15277835,226,E
HOMBRE,SOLTERO,FAMILIAR,38,2185875,1052170,0,160,54460712,67,B
HOMBRE,SOLTERO,FAMILIAR,46,3559644,1747670,0,154,79464249,555,E
HOMBRE,CASADO,PROPIA,44,16000000,31116667,0,60,175986805,805,EE
HOMBRE,SOLTERO,PROPIA,33,2184611,948114,0,60,8600000,893,E
HOMBRE,SOLTERO,FAMILIAR,28,1892502,1093510,0,140,58200000,402,E
HOMBRE,UNION LIBRE ,FAMILIAR,36,2122430,1153702,0,140,59600000,158,D
HOMBRE,SOLTERO,PROPIA,32,1696758,804563,0,120,52700000,433,E
HOMBRE,SOLTERO,PROPIA,55,700000,175278,2,84,23700000,5,A
HOMBRE,SOLTERO,FAMILIAR,37,2251333,1231525,0,140,67500000,5,A
HOMBRE,UNION LIBRE ,FAMILIAR,30,2122430,1229395,0,140,58800000,645,E
HOMBRE,SOLTERO,FAMILIAR,33,2072833,1082138,0,140,66800000,36,A
MUJER,SOLTERO,FAMILIAR,29,1977665,840174,0,140,62000000,736,E
HOMBRE,UNION LIBRE ,FAMILIAR,35,1562667,558038,0,140,38700000,524,E
HOMBRE,SOLTERO,FAMILIAR,29,1923820,978837,0,140,65000000,97,D
HOMBRE,UNION LIBRE ,FAMILIAR,34,2045247,897863,0,140,63700000,67,B
HOMBRE,CASADO,FAMILIAR,36,1955139,867029,0,140,62800000,433,E
HOMBRE,CASADO,PROPIA,62,14127000,11591417,0,36,240000000,124,C
HOMBRE,CASADO,FAMILIAR,35,1165284,741385,0,120,54700000,5,A
HOMBRE,UNION LIBRE ,FAMILIAR,42,2577153,1192245,0,140,63000000,158,D
MUJER,SOLTERO,FAMILIAR,31,1977665,990394,0,140,56800000,218,E
HOMBRE,VIUDO,PROPIA,81,4080552,2252758,0,140,31500000,402,E
HOMBRE,CASADO,PROPIA,46,1894668,762004,0,120,46800000,767,E
MUJER,SOLTERO,FAMILIAR,31,1020348,505206,0,72,21000000,69,E
HOMBRE,SOLTERO,#¡VALOR!,31,810000,180000,1,36,4124995,26,A
HOMBRE,CASADO,PROPIA,39,2282049,909926,0,140,87000000,583,E
HOMBRE,SOLTERO,PROPIA,43,89000000,1000000,0,84,100000000,2,A
HOMBRE,SOLTERO,FAMILIAR,32,2138291,1096927,0,140,65000000,555,E
HOMBRE,SOLTERO,FAMILIAR,33,2121423,1202642,0,140,67600000,341,E
HOMBRE,SOLTERO,FAMILIAR,49,2336931,1454039,0,120,68100000,645,E
MUJER,SOLTERO,FAMILIAR,32,2104555,1091349,0,140,47500000,675,E
HOMBRE,SOLTERO,FAMILIAR,29,1977665,1039931,0,140,58600000,97,C
HOMBRE,SOLTERO,PROPIA,43,2477825,622400,0,141,79700000,36,A
HOMBRE,CASADO,PROPIA,32,2138291,1100139,0,140,82000000,128,D
HOMBRE,SEPARADO,PROPIA,60,11800000,184808162,0,60,316800000,1,A
HOMBRE,SOLTERO,PROPIA,55,910928,187590,0,36,6500000,5,A
MUJER,UNION LIBRE ,FAMILIAR,39,1126019,150827,1,68,5332688,31,E
HOMBRE,SOLTERO,PROPIA,40,0,0,0,60,136500000,336,D
MUJER,CASADO,PROPIA,56,7000957,3722275,0,36,20100000,42,B
MUJER,VIUDO,FAMILIAR,38,3410000,341090,0,72,52615000,122,D
HOMBRE,SOLTERO,FAMILIAR,50,1991878,1096023,0,120,29100000,463,E
HOMBRE,SOLTERO,#¡VALOR!,68,644350,337874,0,140,18100000,555,E
HOMBRE,SOLTERO,FAMILIAR,31,1977665,1003445,0,140,52900000,402,E
MUJER,SOLTERO,PROPIA,45,0,200000,0,72,94800000,564,E
MUJER,CASADO,FAMILIAR,36,2896800,500000,0,72,40000000,730,E
HOMBRE,CASADO,FAMILIAR,31,2600000,920000,0,84,47300000,5,A
HOMBRE,SOLTERO,FAMILIAR,38,1354904,827195,0,138,53700000,189,D
HOMBRE,CASADO,PROPIA,36,1644466,544120,0,141,44900000,36,A
HOMBRE,CASADO,FAMILIAR,34,2154152,1126375,0,140,57000000,645,E
HOMBRE,RELIGIOSO,PROPIA,45,0,0,0,48,85000000,31,A
HOMBRE,SOLTERO,FAMILIAR,39,3293819,1766786,0,140,88300000,5,A
HOMBRE,SOLTERO,FAMILIAR,53,0,193448190,0,60,166600000,26,D
HOMBRE,CASADO,FAMILIAR,48,3451876,2224485,1,161,86121782,767,E
HOMBRE,SOLTERO,PROPIA,41,1847688,768125,0,140,73000000,675,E
HOMBRE,SOLTERO,PROPIA,39,2152139,1254536,0,140,62400000,249,D
MUJER,SOLTERO,PROPIA,46,1743009,799737,0,120,57300000,36,A
MUJER,SOLTERO,FAMILIAR,38,1545594,600309,0,120,44100000,736,E
HOMBRE,SOLTERO,FAMILIAR,36,2569486,1142183,0,221,40000000,433,E
MUJER,SOLTERO,FAMILIAR,30,3900000,300000,0,40,20850000,24,E
HOMBRE,CASADO,PROPIA,71,3441918,1564413,0,140,58000000,158,D
HOMBRE,CASADO,PROPIA,42,2645861,1322336,0,140,86500000,5,A
HOMBRE,SOLTERO,PROPIA,73,4064212,428000,0,60,20000000,469,E
HOMBRE,SOLTERO,FAMILIAR,37,2061387,987602,0,140,48900000,798,EE
HOMBRE,CASADO,PROPIA,47,1,2000002,0,60,172270000,24,B
HOMBRE,CASADO,FAMILIAR,44,5500000,0,0,49,33412500,236,D
HOMBRE,SOLTERO,FAMILIAR,34,1892502,1001345,0,140,40000000,767,E
MUJER,CASADO,FAMILIAR,62,6446495,500000,0,138,140800000,36,A
HOMBRE,SOLTERO,FAMILIAR,28,1923821,760368,0,140,51700000,463,E
MUJER,UNION LIBRE ,PROPIA,37,2088694,1143193,0,140,58700000,433,E
MUJER,SOLTERO,PROPIA,48,3944416,1627363,0,140,150900000,675,E
HOMBRE,SOLTERO,FAMILIAR,44,2377143,1055244,0,120,78700000,767,E
HOMBRE,SOLTERO,PROPIA,36,3411649,1836654,0,140,128000000,97,D
MUJER,VIUDO,FAMILIAR,60,1656947,735673,0,120,50100000,310,E
HOMBRE,CASADO,FAMILIAR,38,2217598,1132616,0,140,75300000,67,C
HOMBRE,SOLTERO,FAMILIAR,37,2186881,1130975,0,140,60000000,97,C
HOMBRE,UNION LIBRE ,FAMILIAR,35,2218604,1324464,0,140,67600000,158,D
MUJER,SOLTERO,FAMILIAR,45,1200000,430104,0,88,14185039,866,E
MUJER,SOLTERO,PROPIA,60,2175200,1000000,0,47,125660315,440,E
HOMBRE,CASADO,FAMILIAR,28,2719242,470372,0,120,73900000,524,E
HOMBRE,UNION LIBRE ,ARRENDADA,30,1977666,1107163,0,140,59800000,5,A
HOMBRE,SOLTERO,FAMILIAR,30,1977665,1094321,0,140,57100000,402,E
HOMBRE,CASADO,PROPIA,56,2438969,935148,0,97,28992874,72,D
MUJER,VIUDO,ARRENDADA,77,1517078,831745,0,140,41200000,5,A
MUJER,SOLTERO,FAMILIAR,51,3715832,1528443,0,60,35000000,706,E
MUJER,CASADO,FAMILIAR,46,4000000,400001,0,54,18605528,650,E
HOMBRE,UNION LIBRE ,ARRENDADA,34,3918948,1890879,0,153,88114153,681,E
MUJER,CASADO,FAMILIAR,40,1636199,935568,0,44,32463436,12,A
HOMBRE,SOLTERO,PROPIA,48,1458093,338873,0,44,4260243,78,C
HOMBRE,RELIGIOSO,PROPIA,42,850000,173469,2,38,12271613,3,A
HOMBRE,SOLTERO,ARRENDADA,41,644350,51548,0,42,9348287,484,E
HOMBRE,SOLTERO,ARRENDADA,33,1572830,558177,0,140,49800000,614,E
MUJER,SEPARADO,FAMILIAR,42,3541489,1652854,0,108,60000000,71,C
HOMBRE,CASADO,FAMILIAR,41,3075626,1335205,0,140,116300000,675,E
HOMBRE,CASADO,ARRENDADA,41,45000000,215358,0,60,59900000,71,C
MUJER,UNION LIBRE ,PROPIA,41,5574000,1600000,0,72,78871806,71,C
MUJER,CASADO,FAMILIAR,53,3526000,559548,0,108,94998267,375,E
HOMBRE,SOLTERO,ARRENDADA,51,3500000,1375000,0,96,72016265,437,E
HOMBRE,CASADO,FAMILIAR,32,630000,50400,1,40,15273633,740,E
MUJER,SOLTERO,FAMILIAR,43,1659889,533270,0,130,24919842,280,E
HOMBRE,SOLTERO,FAMILIAR,38,1580675,771437,0,140,52600000,218,E
MUJER,CASADO,PROPIA,44,6011526,1,0,21,18556552,498,E
HOMBRE,SOLTERO,FAMILIAR,29,1977665,1241506,0,140,57700000,158,D
MUJER,SOLTERO,PROPIA,29,3800000,800000,0,72,51500000,9,A
HOMBRE,SOLTERO,FAMILIAR,41,3823000,300000,0,60,40050148,587,E
HOMBRE,CASADO,FAMILIAR,60,4532454,1878830,0,140,153600000,5,A
HOMBRE,SOLTERO,FAMILIAR,29,1977665,1052889,0,140,59000000,736,E
HOMBRE,UNION LIBRE ,PROPIA,40,2186881,1346267,0,140,45000000,97,C
HOMBRE,CASADO,FAMILIAR,42,1700685,124450,0,140,74500000,128,E
MUJER,UNION LIBRE ,FAMILIAR,44,1002184,239841,0,60,15500000,5,A
HOMBRE,CASADO,FAMILIAR,58,0,1000000,0,72,172100000,33,B
HOMBRE,SOLTERO,FAMILIAR,41,1141243,1401705,0,120,63000000,645,E
HOMBRE,CASADO,FAMILIAR,46,36200000,7200000,0,60,120000000,212,D
HOMBRE,SOLTERO,FAMILIAR,30,2886942,842453,0,120,70300000,675,E
HOMBRE,CASADO,FAMILIAR,49,3153975,300000,0,60,28948000,28,A
HOMBRE,CASADO,#¡VALOR!,79,644350,330850,0,140,26700000,798,E
HOMBRE,UNION LIBRE ,FAMILIAR,44,4903650,1975633,0,61,69442200,145,D
HOMBRE,CASADO,#¡VALOR!,40,1718314,1026738,0,140,59200000,645,E
HOMBRE,SEPARADO,PROPIA,59,828116,66249,0,80,8637466,311,E
HOMBRE,SOLTERO,PROPIA,64,10124250,1500000,0,48,7450761,753,E
MUJER,SOLTERO,FAMILIAR,27,1200000,96000,0,51,12131614,357,E
HOMBRE,CASADO,FAMILIAR,45,1297140,97120,0,60,30000000,22,A
MUJER,UNION LIBRE ,PROPIA,45,6787593,2000000,0,35,19968774,83,D
HOMBRE,SOLTERO,PROPIA,38,0,21675000,0,60,160000000,176,D
HOMBRE,CASADO,PROPIA,49,1663721,623234,0,140,47000000,5,A
HOMBRE,CASADO,FAMILIAR,58,10003417,7633163,0,60,47964857,82,C
HOMBRE,SOLTERO,PROPIA,57,4300000,1500000,0,60,33000000,21,A
HOMBRE,SOLTERO,PROPIA,54,13000000,8372000,1,72,99431259,752,E
HOMBRE,SOLTERO,PROPIA,67,3243333,324333,0,60,45000000,174,D
HOMBRE,UNION LIBRE ,PROPIA,52,28687000,23081362,2,60,55000000,21,A
HOMBRE,SEPARADO,FAMILIAR,34,3753549,1267518,0,177,75630949,798,EE
MUJER,SOLTERO,PROPIA,56,2880000,1300000,0,55,15683470,20,D
HOMBRE,SEPARADO,FAMILIAR,44,4277168,1470852,0,180,87060730,97,D
MUJER,UNION LIBRE ,#N/A,14,2764298343,1183283403,40,34,4000000000,508,E
HOMBRE,CASADO,PROPIA,62,2312488,554999,0,60,9851472,20,A
MUJER,CASADO,PROPIA,35,1,1000003,0,96,39226045,566,E
HOMBRE,SOLTERO,FAMILIAR,57,5000000,3600000,1,72,92653348,446,E
HOMBRE,CASADO,FAMILIAR,49,1112800,82069,2,72,13520000,19,A
MUJER,CASADO,PROPIA,35,1,1000003,0,18,1966634,566,E
HOMBRE,CASADO,FAMILIAR,36,1977665,589666,0,77,45000000,5,A
HOMBRE,SOLTERO,FAMILIAR,63,2568688,1395374,0,140,88500000,280,E
HOMBRE,SOLTERO,FAMILIAR,34,950225,313055,0,120,39900000,706,E
MUJER,SEPARADO,FAMILIAR,71,1444307,875969,0,24,3146651,474,E
HOMBRE,SOLTERO,FAMILIAR,38,120000000,500000,0,36,188500000,16,A
HOMBRE,CASADO,PROPIA,53,2084986,616904,0,120,41000000,5,A
HOMBRE,CASADO,#¡VALOR!,58,1800000,975000,1,60,62500000,290,E
HOMBRE,SOLTERO,PROPIA,53,4800000,806000,0,60,47516389,198,E
MUJER,SOLTERO,FAMILIAR,34,2088694,1002194,0,134,69000000,36,A
MUJER,SOLTERO,ARRENDADA,39,1801832,862924,0,140,59900000,524,E
MUJER,SOLTERO,FAMILIAR,35,1977665,854477,0,96,50000000,402,E
HOMBRE,UNION LIBRE ,FAMILIAR,52,1675787,479907,0,140,39200000,5,A
MUJER,CASADO,PROPIA,35,0,2000000,0,60,115500000,838,E
MUJER,CASADO,PROPIA,60,13362500,1610842,1,60,60000000,15,A
HOMBRE,SOLTERO,FAMILIAR,41,0,13776000,0,60,60500000,197,E
HOMBRE,CASADO,FAMILIAR,33,2121423,971732,0,140,67000000,675,E
MUJER,CASADO,FAMILIAR,46,38000000,1000000,0,84,86000000,45,B
MUJER,SOLTERO,FAMILIAR,67,1991563,1427346,0,181,29503501,280,E
MUJER,SEPARADO,PROPIA,51,3270865,1663495,0,180,72603241,349,E
HOMBRE,SOLTERO,FAMILIAR,37,1752278,795196,0,120,64900000,494,E
HOMBRE,UNION LIBRE ,FAMILIAR,47,1100000,857487,0,73,50674083,349,E
MUJER,SEPARADO,PROPIA,47,2800000,280001,0,60,70000000,623,E
HOMBRE,CASADO,PROPIA,52,1100000,1230667,1,60,22749720,411,E
HOMBRE,CASADO,FAMILIAR,44,2477441,1557454,0,60,28800000,441,E
HOMBRE,SOLTERO,FAMILIAR,40,2109854,210987,0,72,12541472,74,C
HOMBRE,UNION LIBRE ,FAMILIAR,41,0,35380014,0,72,179900000,731,E
MUJER,VIUDO,ARRENDADA,83,5800000,2632119,0,60,64000000,195,E
HOMBRE,CASADO,FAMILIAR,52,4153208,1756600,2,120,170000000,218,D
HOMBRE,UNION LIBRE ,#¡VALOR!,37,1495639,709945,0,140,67600000,97,D
HOMBRE,SOLTERO,FAMILIAR,36,1692294,620575,0,120,14100000,5,A
HOMBRE,SOLTERO,PROPIA,36,2185875,1256170,0,130,61000000,555,E
MUJER,UNION LIBRE ,FAMILIAR,42,1405338,149420,0,140,57500000,5,A
HOMBRE,SOLTERO,PROPIA,63,5265509,2596971,1,60,27935000,13,D
HOMBRE,VIUDO,FAMILIAR,53,635842,671125,0,120,48634709,135,E
HOMBRE,SOLTERO,PROPIA,40,2315148,472590,0,72,47334015,12,A
HOMBRE,SOLTERO,PROPIA,37,1,2,0,60,71612100,12,A
HOMBRE,UNION LIBRE ,PROPIA,56,40000000,29096734,0,60,77500000,12,A
MUJER,SEPARADO,PROPIA,72,7157667,4774667,0,60,97000000,165,D
MUJER,CASADO,FAMILIAR,76,881115,248853,0,60,63000000,559,E
HOMBRE,CASADO,PROPIA,72,1682618,786632,0,72,25340931,409,E
HOMBRE,CASADO,FAMILIAR,41,11000000,8058859,0,72,119047321,73,E
HOMBRE,UNION LIBRE ,FAMILIAR,41,1,200003,0,72,92058514,104,D
MUJER,UNION LIBRE ,PROPIA,47,40000000,1000000,0,60,75000000,43,B
HOMBRE,CASADO,FAMILIAR,53,8489333,1049776,0,60,20000000,194,D
HOMBRE,CASADO,PROPIA,47,8000000,3064271,2,60,70000000,743,E
HOMBRE,CASADO,PROPIA,81,4523267,1690780,0,60,10000000,104,D
HOMBRE,CASADO,FAMILIAR,42,3137955,1567587,0,60,43700000,12,A
MUJER,SOLTERO,FAMILIAR,34,3241452,1529798,0,150,110000000,433,E
HOMBRE,SOLTERO,FAMILIAR,36,2090782,1111719,0,140,78500000,433,E
MUJER,DIVORCIADO,FAMILIAR,62,470911000,425315647,0,60,42151073,835,E
HOMBRE,CASADO,PROPIA,49,2606298,1397399,0,222,63962716,5,A
HOMBRE,CASADO,PROPIA,61,0,0,0,90,114644110,194,E
HOMBRE,SOLTERO,PROPIA,62,6649024,200000,0,60,16000000,134,D
HOMBRE,CASADO,PROPIA,60,9000000,3462813,0,60,25000000,225,E
HOMBRE,UNION LIBRE ,PROPIA,70,8900000,5321844,2,72,60784683,12,B
HOMBRE,SOLTERO,PROPIA,34,2455586,1141755,0,88,87500000,218,D
HOMBRE,SOLTERO,FAMILIAR,32,2429065,897202,0,140,67000000,614,E
HOMBRE,SOLTERO,FAMILIAR,33,2056972,1253139,0,140,58000000,36,B
MUJER,CASADO,ARRENDADA,36,3619901,1527570,0,60,5745576,12,A
MUJER,CASADO,PROPIA,44,820858,89644,0,96,40249986,43,D
HOMBRE,CASADO,PROPIA,61,25776583,20683767,0,61,100000000,73,E
HOMBRE,SOLTERO,FAMILIAR,47,1800000,1239921,2,60,34845000,12,A
MUJER,VIUDO,PROPIA,70,1,4,0,46,42377650,12,A
HOMBRE,SOLTERO,ARRENDADA,62,916826,405102,0,41,6574701,2,A
MUJER,SOLTERO,FAMILIAR,28,1083930,237874,0,49,12763770,659,E
HOMBRE,SOLTERO,FAMILIAR,27,1479261,118341,0,59,11313144,7,A
HOMBRE,CASADO,FAMILIAR,36,800000,300000,0,36,7375892,550,E
HOMBRE,SOLTERO,FAMILIAR,34,2060278,960924,0,119,72500000,614,E
HOMBRE,SOLTERO,FAMILIAR,32,2040828,387318,0,48,20000000,5,A
HOMBRE,SOLTERO,FAMILIAR,46,6000000,1958021,0,60,62700000,70,C
MUJER,SOLTERO,FAMILIAR,46,4400000,1656026,1,60,26000000,8,A
HOMBRE,SOLTERO,FAMILIAR,42,1156354,3939274,0,60,57979678,8,A
MUJER,SOLTERO,PROPIA,58,879313,0,0,60,17679593,647,E
HOMBRE,CASADO,FAMILIAR,41,2169560,1146466,0,140,70000000,645,E
MUJER,CASADO,PROPIA,50,3033099,0,0,72,50434830,6,A
HOMBRE,CASADO,FAMILIAR,34,2700000,0,0,73,78397855,6,A
MUJER,SOLTERO,PROPIA,59,7500000,1,1,60,39000000,68,B
MUJER,SEPARADO,FAMILIAR,54,1578076,709843,0,55,19737359,767,E
MUJER,CASADO,PROPIA,53,9000000,8021500,2,48,10776853,341,D
HOMBRE,SOLTERO,FAMILIAR,27,1977665,340266,0,60,30000000,310,D
HOMBRE,CASADO,PROPIA,59,3499625,1584280,0,140,82500000,5,A
HOMBRE,UNION LIBRE ,FAMILIAR,35,2137284,978915,0,140,63600000,280,E
HOMBRE,UNION LIBRE ,PROPIA,36,50000000,1000000,0,36,150000000,424,D
HOMBRE,CASADO,FAMILIAR,38,5550614,2393701,0,140,198800000,463,E
MUJER,CASADO,PROPIA,61,213935500,158438083,0,60,130500000,342,D
MUJER,CASADO,PROPIA,76,828116,400861,0,138,20500000,5,A
HOMBRE,CASADO,FAMILIAR,46,0,174706298,0,61,175000000,4,B
HOMBRE,UNION LIBRE ,FAMILIAR,57,1638000,200000,0,72,72348829,493,E
HOMBRE,CASADO,FAMILIAR,46,833652,825884,0,111,35000000,494,E
HOMBRE,CASADO,PROPIA,56,20340800,7211697,1,60,43000000,1,A
HOMBRE,CASADO,PROPIA,54,992755,1026880,0,123,65000000,280,E
MUJER,CASADO,PROPIA,58,1450868,399717,0,172,63940308,5,E
MUJER,CASADO,FAMILIAR,54,1685000,800000,0,60,18500000,31,E
HOMBRE,SOLTERO,FAMILIAR,46,3132800,727280,1,60,71000000,458,E
HOMBRE,CASADO,ARRENDADA,57,5638100,2500000,1,73,125346388,62,B
HOMBRE,SOLTERO,FAMILIAR,34,4200000,500000,0,73,40630000,243,D
HOMBRE,SOLTERO,FAMILIAR,50,1922618,1022359,0,120,61800000,189,D
HOMBRE,CASADO,PROPIA,41,2167637,953471,0,140,88000000,36,A
HOMBRE,SEPARADO,FAMILIAR,55,1,1000002,0,72,135299406,577,E
HOMBRE,SEPARADO,#N/A,71,969449,1075449,0,60,10000000,29,C
MUJER,CASADO,FAMILIAR,66,2800000,500000,0,60,22219000,395,E
MUJER,CASADO,PROPIA,63,3035683,1611779,0,140,117000000,36,A
HOMBRE,UNION LIBRE ,PROPIA,61,936480,341570,0,120,25000000,5,A
HOMBRE,CASADO,FAMILIAR,39,1141243,855195,0,120,68300000,736,E
HOMBRE,SOLTERO,PROPIA,56,1380000,124400,2,60,47982267,302,E
HOMBRE,CASADO,PROPIA,61,781242,93800,0,140,12000000,5,A
HOMBRE,SOLTERO,FAMILIAR,33,1892501,911171,0,140,62000000,736,E
HOMBRE,UNION LIBRE ,#¡VALOR!,38,1404603,757533,0,140,73000000,402,E
HOMBRE,SOLTERO,FAMILIAR,31,2400813,1120119,0,140,72800000,433,E
HOMBRE,CASADO,FAMILIAR,41,3253847,1584521,0,225,220846793,67,D
MUJER,SEPARADO,PROPIA,53,3973441,1752199,0,140,88500000,5,A
MUJER,UNION LIBRE ,FAMILIAR,33,1458272,633057,0,117,30200000,5,A
HOMBRE,UNION LIBRE ,PROPIA,54,5800000,1022000,0,60,80000000,24,C
HOMBRE,SOLTERO,ARRENDADA,44,3138000,481420,0,60,55466745,24,A
MUJER,SOLTERO,FAMILIAR,55,1817402,942768,0,72,32700000,5,B
MUJER,SOLTERO,PROPIA,49,1632645,787299,0,120,54500000,5,A
HOMBRE,CASADO,PROPIA,52,0,53553000,0,60,298739700,116,C
MUJER,CASADO,PROPIA,41,0,72000000,0,60,320000000,146,C
HOMBRE,SOLTERO,FAMILIAR,27,1977665,352261,0,140,52200000,371,E
MUJER,SOLTERO,FAMILIAR,41,963000,763564,0,72,53395796,510,E
MUJER,CASADO,FAMILIAR,71,1197343,516781,0,62,7946174,814,E
HOMBRE,SOLTERO,FAMILIAR,51,2632722,1401278,0,180,63972044,675,E
MUJER,SOLTERO,PROPIA,38,1493655,710460,0,120,57500000,97,C
HOMBRE,SOLTERO,ARRENDADA,41,5870562,640231,0,120,87500000,524,E
HOMBRE,SOLTERO,PROPIA,53,5000000,2000000,0,72,39634721,114,D
HOMBRE,SOLTERO,PROPIA,52,5500000,2226649,1,72,40461872,569,E
HOMBRE,CASADO,PROPIA,61,70483000,5000000,0,61,40000000,83,E
HOMBRE,SOLTERO,FAMILIAR,33,1998749,934474,0,120,39500000,249,E
HOMBRE,SOLTERO,PROPIA,28,0,52011467,0,60,349580000,82,C
HOMBRE,UNION LIBRE ,FAMILIAR,55,946000,132948,0,60,22553000,599,E
HOMBRE,CASADO,FAMILIAR,49,3999600,319968,0,60,30000000,21,E
HOMBRE,SOLTERO,ARRENDADA,40,1500000,350000,0,72,72403199,18,E
HOMBRE,CASADO,FAMILIAR,44,2605644,1160175,0,97,68000000,128,D
HOMBRE,VIUDO,FAMILIAR,78,2780608,1104074,0,140,76000000,5,A
HOMBRE,CASADO,FAMILIAR,52,2077600,560952,0,140,78000000,97,C
MUJER,SOLTERO,FAMILIAR,44,687617,0,1,60,67100000,627,E
HOMBRE,CASADO,PROPIA,56,4014081,1456995,1,60,95000000,231,E
HOMBRE,SOLTERO,FAMILIAR,71,828116,305039,0,140,23100000,310,E
HOMBRE,CASADO,PROPIA,40,2215585,1229084,0,140,67800000,158,D
HOMBRE,CASADO,ARRENDADA,52,1600000,1500000,0,60,37317158,48,C
HOMBRE,CASADO,FAMILIAR,49,2600000,0,0,72,107428000,322,E
MUJER,CASADO,PROPIA,56,3641927,2603748,0,120,138800000,5,A
HOMBRE,SOLTERO,PROPIA,75,3027182,1684301,0,140,93000000,5,A
MUJER,SOLTERO,FAMILIAR,46,1578036,106823,0,140,89700000,5,A
HOMBRE,UNION LIBRE ,FAMILIAR,39,2035528,970134,0,142,106800000,158,E
HOMBRE,SOLTERO,FAMILIAR,37,2154152,1089767,0,140,70500000,371,E
HOMBRE,CASADO,PROPIA,53,1912647,625610,2,72,22266292,77,D
HOMBRE,CASADO,PROPIA,47,10250000,3419666,2,60,35000000,290,E
HOMBRE,CASADO,FAMILIAR,50,4155500,519200,0,60,60000000,47,B
HOMBRE,SOLTERO,FAMILIAR,34,2547088,50001,0,63,19635034,534,D
HOMBRE,CASADO,FAMILIAR,46,3170483,1482784,0,180,90061631,433,E
HOMBRE,SOLTERO,FAMILIAR,51,750000,0,1,60,84150000,442,E
HOMBRE,SOLTERO,FAMILIAR,51,2535416,622811,0,60,61598915,15,A
MUJER,SOLTERO,FAMILIAR,35,20416392,15086166,0,72,43285456,76,D
MUJER,SEPARADO,PROPIA,64,3660394,1586188,0,96,100000000,5,A
HOMBRE,SOLTERO,#¡VALOR!,49,3641927,0,0,120,129000000,5,A
HOMBRE,SOLTERO,PROPIA,43,110000000,5800000,0,72,180000000,349,D
MUJER,CASADO,FAMILIAR,32,1773036,784328,0,120,130000000,5,A
HOMBRE,SOLTERO,FAMILIAR,77,1256659,497777,0,148,39500000,675,E
MUJER,CASADO,FAMILIAR,42,2200730,1339436,0,120,77300000,5,A
HOMBRE,SOLTERO,FAMILIAR,45,2593460,1326665,0,173,122000000,67,B
MUJER,RELIGIOSO,PROPIA,54,0,2200000,0,45,124580759,71,D
MUJER,SOLTERO,FAMILIAR,47,3700000,1413457,0,73,41358201,163,E
MUJER,CASADO,FAMILIAR,40,1856200,140200,1,60,31000000,10,B
HOMBRE,SOLTERO,ARRENDADA,42,15000000,8500000,0,60,84713700,223,E
HOMBRE,CASADO,FAMILIAR,61,1,1000001,0,61,77818000,345,D
HOMBRE,SOLTERO,FAMILIAR,60,1377745,680688,0,149,32000000,5,A
HOMBRE,SOLTERO,FAMILIAR,31,1977665,1114080,0,120,56500000,583,E
HOMBRE,CASADO,PROPIA,32,2010394,1141607,0,140,57800000,463,E
MUJER,CASADO,FAMILIAR,47,15000000,16200000,0,60,281990000,10,E
MUJER,SOLTERO,PROPIA,56,2000000,300000,0,48,6853649,345,E
MUJER,SOLTERO,FAMILIAR,40,7209978,0,1,45,44012142,726,E
HOMBRE,CASADO,PROPIA,35,3800000,380000,0,55,42610661,10,E
HOMBRE,CASADO,PROPIA,52,0,53553000,0,60,316000000,103,C
HOMBRE,SOLTERO,FAMILIAR,54,24166667,18135712,0,72,68356352,163,D
HOMBRE,SOLTERO,PROPIA,69,2405609,1108458,0,41,106500000,5,A
MUJER,CASADO,PROPIA,40,1143000,448906,0,75,18959409,5,E
HOMBRE,CASADO,FAMILIAR,53,5359427,2947138,0,180,122328523,736,E
MUJER,CASADO,FAMILIAR,48,5304308,2530442,0,120,180000000,5,A
HOMBRE,SOLTERO,FAMILIAR,32,1977665,1162945,0,120,49500000,310,E
HOMBRE,SOLTERO,FAMILIAR,37,800000,0,0,123,61700000,5,A
HOMBRE,CASADO,ARRENDADA,64,2795377,1000000,1,48,10081970,466,EE
MUJER,SOLTERO,FAMILIAR,33,2245080,952620,0,78,24711863,313,E
HOMBRE,SOLTERO,FAMILIAR,57,2992780,188508,0,48,20600000,614,E
HOMBRE,SOLTERO,#¡VALOR!,45,1474332,232344,0,120,64500000,280,E
MUJER,UNION LIBRE ,PROPIA,43,737717,252000,0,72,69249464,221,E
HOMBRE,CASADO,ARRENDADA,67,2000000,30000,0,60,7020599,7,A
HOMBRE,CASADO,#¡VALOR!,55,2500000,285395,0,72,98126850,99,C
HOMBRE,CASADO,PROPIA,67,3900000,1000000,0,40,5341778,797,E
HOMBRE,SOLTERO,FAMILIAR,41,6468250,4841671,0,60,70000000,4,A
HOMBRE,SOLTERO,PROPIA,57,1766752,866886,0,120,55000000,5,A
MUJER,SOLTERO,FAMILIAR,41,1922920,153834,0,36,15000000,3,A
HOMBRE,VIUDO,PROPIA,75,7693992,923400,0,71,56895117,2,A
HOMBRE,SOLTERO,PROPIA,45,2231446,682685,0,48,5644587,246,E
HOMBRE,CASADO,PROPIA,61,3101440,1286381,0,150,48949207,767,E
MUJER,CASADO,PROPIA,34,130000000,1000000,0,60,200000000,2,D
MUJER,SOLTERO,PROPIA,53,2973410,1162455,0,96,68000000,524,E
HOMBRE,CASADO,FAMILIAR,46,7500000,2550000,0,60,32600000,1,A
HOMBRE,SOLTERO,PROPIA,40,5894192,1,0,72,56642179,1,A
HOMBRE,CASADO,PROPIA,59,15073000,1000000,0,60,50201000,490,D
MUJER,UNION LIBRE ,#N/A,15,2161708331,1108719000,99,38,600000000,287,D
MUJER,CASADO,PROPIA,26,0,16250000,0,66,282000000,1,B
HOMBRE,SOLTERO,PROPIA,39,0,274722360,0,72,209000000,1,A
HOMBRE,CASADO,FAMILIAR,49,1752813,784969,0,140,49000000,463,E
HOMBRE,CASADO,PROPIA,51,6109000,27044712,0,37,185496164,270,E
HOMBRE,CASADO,PROPIA,50,58000000,0,0,60,120000000,1,A
HOMBRE,SOLTERO,ARRENDADA,75,2000000,500000,0,60,33171034,575,E
HOMBRE,UNION LIBRE ,PROPIA,59,10000000,1000000,0,60,83900000,59,C
MUJER,VIUDO,PROPIA,59,0,295348875,0,72,130245428,28,A
HOMBRE,CASADO,PROPIA,58,1364640,472331,2,72,72382209,59,C
HOMBRE,CASADO,PROPIA,62,18796000,8577817,0,72,98761984,486,E
MUJER,UNION LIBRE ,FAMILIAR,57,1234247,513786,0,119,52000000,5,A
MUJER,SEPARADO,PROPIA,58,2805476,1459379,0,140,103000000,5,A
HOMBRE,SOLTERO,PROPIA,34,1999713,1052997,0,140,48000000,67,B
HOMBRE,SOLTERO,FAMILIAR,67,2853509,1498216,0,140,101000000,36,A
MUJER,SOLTERO,PROPIA,58,3153489,1595113,0,140,110000000,189,D
MUJER,SOLTERO,FAMILIAR,49,3641927,2005971,0,142,136000000,36,B
HOMBRE,SOLTERO,PROPIA,41,6360000,1501000,0,96,67603530,635,E
HOMBRE,CASADO,PROPIA,41,0,10710644,0,72,70000000,25,A
HOMBRE,CASADO,FAMILIAR,32,9231000,7216193,0,60,46000000,725,E
HOMBRE,CASADO,PROPIA,44,30000000,0,0,60,81990000,786,E
HOMBRE,SOLTERO,PROPIA,64,1572475,736507,0,88,30000000,555,E
HOMBRE,UNION LIBRE ,ARRENDADA,46,730000,0,3,96,18000000,5,B
HOMBRE,SOLTERO,#¡VALOR!,36,1585604,853944,0,140,56000000,706,E
MUJER,CASADO,PROPIA,38,35000000,20000000,0,60,166500000,203,D
MUJER,SOLTERO,FAMILIAR,43,1263240,555086,0,140,82000000,463,E
HOMBRE,SOLTERO,FAMILIAR,28,1893378,839396,0,60,23000000,341,E
HOMBRE,CASADO,PROPIA,35,2089700,1114154,0,140,78000000,706,E
HOMBRE,SOLTERO,FAMILIAR,38,2306507,791406,0,120,79500000,463,E
MUJER,SOLTERO,PROPIA,60,1069192,352448,0,120,48000000,36,A
MUJER,SEPARADO,FAMILIAR,60,2425592,1332126,0,140,102000000,341,E
MUJER,CASADO,PROPIA,48,3480000,31360000,0,72,168000000,80,D
MUJER,SOLTERO,FAMILIAR,52,2671586,967636,0,120,50000000,645,E
MUJER,SOLTERO,FAMILIAR,65,3094027,310000,0,60,27000000,475,E
HOMBRE,SOLTERO,FAMILIAR,33,2010394,723341,0,140,59700000,158,D
MUJER,SOLTERO,FAMILIAR,50,1791871,988381,0,140,57000000,67,B
HOMBRE,SOLTERO,FAMILIAR,35,2153146,1084469,0,140,75000000,614,E
HOMBRE,SOLTERO,PROPIA,31,1977665,1173382,0,140,51500000,280,E